{"train_time": 4.632714748382568, "test_auc": 0.9979999999999999, "test_time": 0.002732515335083008, "test_scores": [[114, 1, 1665.043212890625], [62, 1, 1900.9453125], [107, 1, 10243.8935546875], [100, 1, 1985.949951171875], [86, 1, 3171.41796875], [76, 1, 5694.88818359375], [71, 1, 1706.335205078125], [134, 1, 1305.97998046875], [51, 1, 1348.392333984375], [73, 1, 2561.895751953125], [54, 1, 2678.687255859375], [63, 1, 2323.13916015625], [78, 1, 1436.878173828125], [90, 1, 210.7136688232422], [121, 1, 1782.366943359375], [66, 1, 1267.8642578125], [126, 1, 1956.074951171875], [97, 1, 2366.16162109375], [93, 1, 719.09814453125], [137, 1, 2491.75830078125], [84, 1, 1123.5753173828125], [127, 1, 1907.944580078125], [132, 1, 2772.02880859375], [59, 1, 651.2503662109375], [83, 1, 2033.5445556640625], [61, 1, 1297.1337890625], [92, 1, 1821.77197265625], [112, 1, 2152.800537109375], [141, 1, 11.5294771194458], [60, 1, 498.50445556640625], [116, 1, 2874.517822265625], [144, 1, 1012.9174194335938], [119, 1, 3016.280517578125], [108, 1, 5219.2802734375], [69, 1, 1293.8194580078125], [135, 1, 2943.2734375], [56, 1, 1346.7861328125], [80, 1, 1171.694580078125], [123, 1, 2275.597900390625], [133, 1, 3382.7431640625], [106, 1, 1196.146484375], [146, 1, 2761.819091796875], [50, 1, 6231.5712890625], [147, 1, 1896.0240478515625], [85, 1, 1079.77490234375], [101, 1, 2332.842041015625], [94, 1, 1283.9520263671875], [64, 1, 925.7112426757812], [89, 1, 1553.8369140625], [91, 1, 2168.80419921875], [125, 1, 8568.84375], [111, 1, 2500.159423828125], [95, 1, 860.2733154296875], [52, 1, 5574.673828125], [149, 1, 1919.489990234375], [98, 1, 939.1573486328125], [68, 1, 3777.888916015625], [109, 1, 1807.111328125], [96, 1, 1145.3182373046875], [102, 1, 2928.352783203125], [120, 1, 1706.77587890625], [104, 1, 2780.876953125], [128, 1, 2784.931396484375], [110, 1, 1480.877685546875], [124, 1, 2221.70166015625], [148, 1, 1391.3792724609375], [113, 1, 2412.213623046875], [139, 1, 1617.7989501953125], [129, 1, 9538.7099609375], [53, 1, 1853.8360595703125], [143, 1, 2518.45556640625], [105, 1, 10562.435546875], [55, 1, 887.2313232421875], [75, 1, 2764.863037109375], [74, 1, 3126.055908203125], [118, 1, 10112.919921875], [57, 1, 383.1261291503906], [131, 1, 11831.58203125], [65, 1, 2874.87939453125], [138, 1, 1847.8134765625], [14, 0, 12.741477966308594], [122, 1, 13377.1220703125], [19, 0, 0.07574333250522614], [29, 0, 0.07574333250522614], [130, 1, 10051.494140625], [49, 0, 0.2992630898952484], [136, 1, 1545.619384765625], [99, 1, 1467.31689453125], [82, 1, 1767.5413818359375], [79, 1, 1427.2957763671875], [115, 1, 1190.086181640625], [145, 1, 351.28814697265625], [72, 1, 3463.942138671875], [77, 1, 2295.1865234375], [25, 0, 3.5696310997009277], [81, 1, 1009.4568481445312], [140, 1, 1242.722412109375], [142, 1, 2332.842041015625], [39, 0, 5.092609882354736], [58, 1, 4760.5927734375], [88, 1, 1004.3771362304688], [70, 1, 1390.403076171875], [87, 1, 3731.9296875], [36, 0, 0.07464179396629333], [21, 0, 18.654254913330078], [9, 0, 0.6744657754898071], [103, 1, 2712.85595703125], [67, 1, 1136.943603515625], [117, 1, 8108.1435546875], [47, 0, 0.07574333250522614]], "reconstruction_loss": null}